,NAME,CloudRate,secret,label
0,92202070_090213_0307_rgbnc,0,True,False
1,93203024_090213_0349_rgbnc,3,True,False
2,93203052_210129k_08~0255_hr4,2,False,False
3,93203053_120323k_07~0271_hr4,0,False,False
4,93203065_140728k_05~0036_hr4c,9,True,False
5,93203072_210129k_08~0263_hr4,2,False,False
6,93203085_180312k_05~0198_hr4c,0,True,False
7,93204085_210129k_05~0136_hr4,1,False,False
8,93204094_180312k_06~0145_hr4,1,False,False
9,94171005_120922a_15~0191_hr4,0,False,False
10,94171019_140514a_19~0442_hr4,2,False,False
11,94171040_150919b_20~0163_hr4,0,False,False
12,94181002_150924a_12~0322_hr4c,9,True,False
13,94181005_150416a_15~0439_hr4,0,False,False
14,94181006_191130_0603_mtbn,9,False,False
15,94181010_160626d_20~0223_hr4c,2,True,False
16,94181014_160918a_14~0464_hr4,0,False,False
17,94181023_120413a_13~0097_hr4,0,False,False
18,94181024_090910_0229_rgbn,1,False,False
19,94181025_090331a_15~0299_rgb,0,False,False
20,94181026_180606_0256_mtbn,4,False,False
21,94181027_150416a_17~0282_hr4,0,False,False
22,94181029_121014a_19~0110_hr4,1,False,False
23,94181031_150924a_11~0223_hr4,1,False,False
24,94181035_170430_0429_mtbn,9,False,False
25,94181037_170923_0237_mtbn,4,False,False
26,94181038_170923_0254_mtbn,4,False,False
27,94181039_150923a_19~0036_hr4,1,False,False
28,94181044_150924a_14~0330_hr4,9,False,False
29,94181051_130908a_11~0082_hr4,4,False,False
30,94181053_160423a_13~0795_hr4c,4,True,False
31,94181056_080907a_16~0186_rgb,0,False,False
32,94181059_120902a_19~0163_hr4,1,False,False
33,94181060_090907_0207_rgbn,1,False,False
34,94181063_140514a_13~0257_hr4c,3,True,False
35,94181065_150923a_15~0277_hr4,2,False,False
36,94181072_160423a_12~0522_hr4,4,False,False
37,94181074_220407a_14~0064_hr4c,4,True,False
38,94181077_160918a_17~0032_hr4,2,False,False
39,94181082_140514a_12~0122_hr4,1,False,False
40,94181083_140915a_13~0209_hr4,2,False,False
41,94181086_130909a_16~0048_hr4,1,False,False
42,94181087_180408_0718_mtbn,1,False,False
43,94181088_120902a_18~0059_hr4c,9,True,False
44,94181089_160918a_19~0247_hr4c,9,True,False
45,94181093_150416a_13~0678_hr4,1,False,False
46,94182002_150416a_12~0751_hr4c,1,True,False
47,94182006_141026a_16~0125_hr4,4,False,False
48,94182006_160918a_16~0129_hr4,9,False,False
49,94182008_170923_0254_mtbnc,4,True,False
50,94182018_140826a_18~0140_hr4c,4,True,False
51,94182022_110508_0403_mtbnc,1,True,False
52,94182023_131129a_13~0092_hr4c,0,True,False
53,94182028_150923a_18~0115_hr4c,1,True,False
54,94182028_160918a_18~0237_hr4c,2,True,False
55,94182034_091128a_14~0091_rgbc,3,True,False
56,94182035_150923a_15~0249_hr4c,3,True,False
57,94182044_100517a_14~0322_hr4c,4,True,False
58,94182047_141018a_17~0545_hr4,4,False,False
59,94182058_090318a_18~0126_rgb,0,False,False
60,94182058_140514a_18~0414_hr4,2,False,False
61,94182063_140514a_13~0217_hr4c,4,True,False
62,94182066_160504a_16~0091_hr4,2,False,False
63,94182070_110508_0345_mtbn,2,False,False
64,94182074_091128a_14~0107_rgb,9,False,False
65,94182076_150923a_16~0340_hr4c,4,True,False
66,94182079_170430_0316_mtbn,2,False,False
67,94182086_220924a_16~0011_hr4c,2,True,False
68,94182087_121002a_17~0159_hr4,4,False,False
69,94182089_190826_0249_mtbn,0,False,False
70,94182094_180902_0340_mtbn,0,False,False
71,94183040_190826_0212_mtbnc,1,True,False
72,94183060_140514a_10~0077_hr4,2,False,False
73,94184040_120917a_10~0127_hr4,0,False,False
74,94184047_170429_0225_mtbn,0,False,False
75,94184050_180405_0206_mtbn,2,False,False
76,94184080_140915a_10~0088_hr4,0,False,False
77,94191001_161105a_11~0555_hr4,9,False,False
78,94191015_140624a_15~0019_hr4c,1,True,False
79,94191016_090505a_16~0109_rgbc,1,True,False
80,94191021_140529a_11~0248_hr4,3,False,False
81,94191022_140525a_12~0239_hr4,3,False,False
82,94191024_110420_0500_mtbn,9,False,False
83,94191026_170703_0211_mtbnc,3,True,False
84,94191029_100630a_19~0146_hr4,4,False,False
85,94191030_140609a_20~0419_hr4,4,False,False
86,94191032_130928a_12~0352_hr4,2,False,False
87,94191032_140525a_12~0235_hr4,4,False,False
88,94191032_161105a_12~0769_hr4,9,False,False
89,94191034_090505a_14~0125_rgb,1,False,False
90,94191041_151015a_11~0601_hr4,0,False,False
91,94191052_130601a_12~0243_hr4,2,False,False
92,94191054_161105a_14~0705_hr4,3,False,False
93,94191056_141026a_16~0025_hr4,1,False,False
94,94191063_140525a_13~0133_hr4,2,False,False
95,94191071_130601a_11~0103_hr4,4,False,False
96,94191071_151015a_11~0589_hr4,0,False,False
97,94191072_090506a_12~0380_rgb,1,False,False
98,94191077_100711a_17~0107_hr4c,2,True,False
99,94191087_100711a_17~0103_hr4c,3,True,False
100,94191092_130928a_12~0376_hr4,4,False,False
101,94191094_100711a_14~0071_hr4,4,False,False
102,94192003_171024_0220_mtbn,0,False,False
103,94192004_150423a_14~0147_hr4,2,False,False
104,94192005_150423a_15~0312_hr4,4,False,False
105,94192006_120922a_16~0066_hr4,0,False,False
106,94192006_191130_0603_mtbn,2,False,False
107,94192014_100711a_14~0063_hr4,4,False,False
108,94192019_100711a_19~0191_hr4,0,False,False
109,94192031_081122a_11~0190_rgb,0,False,False
110,94192031_090628a_11~0255_rgb,1,False,False
111,94192036_191130_0603_mtbn,1,False,False
112,94192042_130601a_12~0207_hr4,3,False,False
113,94192049_100711a_19~0179_hr4,1,False,False
114,94192055_170430_0429_mtbn,2,False,False
115,94192057_180606_0319_mtbn,4,False,False
116,94192058_191130_0641_mtbn,9,False,False
117,94192060_191110_0231_mtbn,1,False,False
118,94192064_171031_0247_mtbn,0,False,False
119,94192069_170923_0315_mtbn,2,False,False
120,94192073_151015a_13~0162_hr4,9,False,False
121,94192081_130601a_11~0147_hr4,4,False,False
122,94192082_070702a_12~0111_rgb,1,False,False
123,94192087_130909a_17~0185_hr4,1,False,False
124,94192096_090628a_16~0138_rgb,1,False,False
125,94192098_120902a_18~0095_hr4,9,False,False
126,94193004_140927a_04~0690_hr4,0,False,False
127,94193005_150415a_05~0021_hr4,0,False,False
128,94193006_110508_0442_mtbn,0,False,False
129,94193006_171009_0212_mtbn,2,False,False
130,94193009_130601a_09~0452_hr4,3,False,False
131,94193016_191128_0625_mtbn,0,False,False
132,94193018_080924_0236_RGBN,1,False,False
133,94193019_110608a_09~0159_hr4,0,False,False
134,94193019_180901_0350_mtbn,4,False,False
135,94193024_220924a_04~0145_hr4,0,False,False
136,94193029_130424a_09~0328_hr4,9,False,False
137,94193033_180422_0350_mtbn,0,False,False
138,94193039_100504a_09~0788_hr4,0,False,False
139,94193039_120513a_09~0219_hr4,3,False,False
140,94193040_130424a_10~0348_hr4,2,False,False
141,94193053_201022a_03~0015_hr4,3,False,False
142,94193060_091009a_10~0508_rgb,0,False,False
143,94193060_130424a_10~0356_hr4,9,False,False
144,94193070_211115a_10~0030_hr4,0,False,False
145,94193073_180901_0222_mtbn,2,False,False
146,94193087_090910_0343_rgbn,1,False,False
147,94193089_120513a_09~0239_hr4,3,False,False
148,94193090_121014a_10~0412_hr4c,0,True,False
149,94193090_140620a_10~0357_hr4c,1,True,False
150,94194004_120529a_04~0277_hr4,4,False,False
151,94194019_160423a_09~0115_hr4,0,False,False
152,94194057_180901_0306_mtbn,0,False,False
153,94194063_220302a_03~0074_hr4,1,False,False
154,94194070_130928a_10~0393_hr4,9,False,False
155,94194080_100517a_10~0773_hr4,0,False,False
156,94194080_130601a_10~0485_hr4,3,False,False
157,94194088_091009a_08~0929_rgb,0,False,False
158,94201004_140620a_14~0137_hr4,0,False,False
159,94201010_180527_0335_mtbn,1,False,False
160,94201013_160419a_13~0273_hr4,0,False,False
161,94201014_090505a_14~0213_rgb,0,False,False
162,94201018_181008_0330_mtbn,3,False,False
163,94201024_180903_0235_mtbn,9,False,False
164,94201026_180528_0216_mtbn,9,False,False
165,94201027_160419a_17~0157_hr4,4,False,False
166,94201029_180502_0237_mtbn,4,False,False
167,94201031_211031a_11~0165_hr4,0,False,False
168,94201032_110509_0342_mtbn,0,False,False
169,94201038_140609a_18~0313_hr4,3,False,False
170,94201041_130928a_11~0247_hr4,2,False,False
171,94201044_181008_0242_mtbn,2,False,False
172,94201047_181008_0255_mtbn,4,False,False
173,94201049_170606_0412_mtbn,4,False,False
174,94201053_140620a_13~0035_hr4,0,False,False
175,94201055_180528_0231_mtbn,3,False,False
176,94201060_160519a_20~0239_hr4,1,False,False
177,94201064_170701_0216_mtbn,2,False,False
178,94201065_160703a_15~0045_hr4,3,False,False
179,94201065_171007_0220_mtbn,2,False,False
180,94201065_180528_0231_mtbn,4,False,False
181,94201066_100504a_16~0436_hr4,2,False,False
182,94201068_180502_0225_mtbn,4,False,False
183,94201071_090501a_11~0015_rgb,1,False,False
184,94201079_130927a_19~0400_hr4,0,False,False
185,94201079_170606_0412_mtbn,4,False,False
186,94201081_220225a_11~0019_hr4,1,False,False
187,94201083_180528_0258_mtbn,2,False,False
188,94201085_070622a_15~0401_rgb,1,False,False
189,94201090_181008_0348_mtbn,4,False,False
190,94201092_130601a_12~0307_hr4,4,False,False
191,94201092_161103a_12~0117_hr4,0,False,False
192,94201094_180528_0245_mtbn,9,False,False
193,94201095_180528_0231_mtbn,3,False,False
194,94202003_120523a_13~0020_hr4,3,False,False
195,94202003_171007_0247_mtbn,2,False,False
196,94202004_111022a_14~0588_hr4,3,False,False
197,94202004_171007_0154_mtbn,4,False,False
198,94202007_180528_0200_mtbn,1,False,False
199,94202012_140529a_12~0289_hr4c,1,True,False
200,94202014_160629a_14~0035_hr4,1,False,False
201,94202020_091008a_20~0603_rgb,0,False,False
202,94202021_150423a_11~0502_hr4,3,False,False
203,94202023_100520a_13~0027_hr4,0,False,False
204,94202024_100504a_14~0063_hr4,1,False,False
205,94202024_130429a_14~0440_hr4,2,False,False
206,94202027_121001a_17~0382_hr4,4,False,False
207,94202028_181008_0330_mtbn,3,False,False
208,94202032_140529a_12~0281_hr4,2,False,False
209,94202039_110510_0240_mtbn,2,False,False
210,94202042_090501a_12~0112_rgb,1,False,False
211,94202042_100921a_12~0529_hr4,0,False,False
212,94202042_130601a_12~0287_hr4,2,False,False
213,94202043_111022a_13~0713_hr4,4,False,False
214,94202048_121001a_18~0334_hr4,1,False,False
215,94202050_110510_0256_mtbn,3,False,False
216,94202052_100520a_12~0141_hr4,4,False,False
217,94202052_130601a_12~0283_hr4,3,False,False
218,94202052_140529a_12~0273_hr4,2,False,False
219,94202053_130429a_13~0704_hr4,3,False,False
220,94202053_170606_0257_mtbn,4,False,False
221,94202057_170606_0347_mtbn,1,False,False
222,94202059_140609a_19~0624_hr4,3,False,False
223,94202060_130620a_20~0115_hr4,0,False,False
224,94202060_140609a_20~0447_hr4,3,False,False
225,94202064_161105a_14~0741_hr4,4,False,False
226,94202065_111022a_15~0541_hr4,3,False,False
227,94202065_140624a_15~0039_hr4,3,False,False
228,94202066_161113a_16~0109_hr4,1,False,False
229,94202068_191130_0641_mtbn,2,False,False
230,94202071_130601a_11~0063_hr4,3,False,False
231,94202071_140529a_11~0228_hr4,4,False,False
232,94202075_140624a_15~0035_hr4,2,False,False
233,94202079_091008a_19~0637_rgb,3,False,False
234,94202084_100921a_14~0874_hr4,1,False,False
235,94202085_130928a_15~0097_hr4,1,False,False
236,94202092_090620a_12~0222_rgb,1,False,False
237,94202095_100922a_15~0099_hr4,2,False,False
238,94202097_170703_0232_mtbn,3,False,False
239,94202098_111022a_18~0135_hr4,2,False,False
240,94202099_091008a_19~0629_rgb,4,False,False
241,94203006_121010a_06~0580_hr4,1,False,False
242,94203008_220225a_08~0105_hr4,3,False,False
243,94203014_121010a_04~0410_hr4,1,False,False
244,94203015_100330a_05~0139_hr4,1,False,False
245,94203018_171102_0321_mtbn,4,False,False
246,94203020_170507_0403_mtbn,1,False,False
247,94203025_220225a_05~0170_hr4,4,False,False
248,94203029_130928a_09~0522_hr4,1,False,False
249,94203029_171007_0335_mtbn,2,False,False
250,94203036_170609_0404_mtbn,0,False,False
251,94203037_130928a_07~0720_hr4,0,False,False
252,94203038_130928a_08~0655_hr4,9,False,False
253,94203038_140927a_08~0352_hr4,3,False,False
254,94203059_130601a_09~0392_hr4,3,False,False
255,94203059_130928a_09~0534_hr4,9,False,False
256,94203068_130429a_08~0047_hr4,9,False,False
257,94203069_171007_0335_mtbn,3,False,False
258,94203074_100330a_04~0246_hr4,0,False,False
259,94203087_150607a_07~0234_hr4,4,False,False
260,94203088_130429a_08~0055_hr4,3,False,False
261,94204080_140620a_10~0223_hr4,3,False,False
262,94204080_150607a_10~0047_hr4,3,False,False
263,94204088_130429a_08~0015_hr4,4,False,False
264,94211100_121001a_20~0229_hr4,0,False,False
265,94212020_110510_0256_mtbn,2,False,False
266,94212040_140609a_20~0028_hr4,9,False,False
267,94212068_141002a_18~0034_hr4,2,False,False
268,94212069_171023_0330_mtbn,3,False,False
269,94212070_141002a_20~0276_hr4,2,False,False
270,94212077_140619a_17~0184_hr4,2,False,False
271,94212087_160419a_17~0141_hr4,0,False,False
272,94212090_160519a_20~0211_hr4,0,False,False
273,94212099_130927a_19~0368_hr4,0,False,False
274,94212099_170608_0436_mtbn,0,False,False
275,94212100_141002a_20~0264_hr4,3,False,False
276,95161011_140824b_31~0120_hr4,2,False,False
277,95161012_120901b_32~0186_hr4,3,False,False
278,95161013_140824b_33~0152_hr4,3,False,False
279,95161014_100703b_34~0004_hr4,1,False,False
280,95161023_111018b_33~0116_hr4,3,False,False
281,95164008_160821b_28~0019_hr4,3,False,False
282,95164020_110425_0338_mtbn,3,False,False
283,95171002_191218_0345_mtbn,4,False,False
284,95171012_090828_0155_rgbn,1,False,False
285,95171015_170814_0300_mtbn,1,False,False
286,95171025_140912d_35~0398_hr4,3,False,False
287,95171035_130425d_35~0068_hr4,9,False,False
288,95171036_130323d_36~0012_hr4,9,False,False
289,95171036_140912d_36~0413_hr4,2,False,False
290,95171053_140912d_33~0254_hr4,2,False,False
291,95171074_201126d_34~0029_hr4,0,False,False
292,95171085_130425d_35~0048_hr4,2,False,False
293,95171091_150619d_31~0169_hr4,2,False,False
294,95172001_130425d_31~0277_hr4,3,False,False
295,95172001_211030d_31~0199_hr4,2,False,False
296,95172002_150726_0242_mtbn,9,False,False
297,95172002_170215_0252_mtbn,0,False,False
298,95172002_211030d_32~0278_hr4,2,False,False
299,95172005_130425d_35~0040_hr4,3,False,False
300,95172014_201126d_34~0013_hr4,2,False,False
301,95172024_150605d_34~0139_hr4,4,False,False
302,95172024_201102d_34~0326_hr4,4,False,False
303,95172036_170419_0322_mtbnc,1,True,False
304,95172046_170419_0322_mtbnc,1,True,False
305,95172051_130425d_31~0257_hr4,4,False,False
306,95172053_130907d_33~0016_hr4,2,False,False
307,95172056_090905_0158_rgbn,0,False,False
308,95172071_140912d_31~0120_hr4,2,False,False
309,95172072_090905_0251_rgbn,0,False,False
310,95172074_130425d_34~0131_hr4,2,False,False
311,95172082_130425d_32~0230_hr4,4,False,False
312,95172086_140824b_36~0203_hr4,2,False,False
313,95172093_170419_0256_mtbn,2,False,False
314,95172093_170922_0803_mtbn,2,False,False
315,95172094_130907d_34~0089_hr4,9,False,False
316,95173008_201102d_28~0040_hr4,0,False,False
317,95173030_140519d_30~0007_hr4,9,False,False
318,95173030_211030d_30~0171_hr4,3,False,False
319,95173039_180325d_29~0273_hr4,2,False,False
320,95173049_180325d_29~0277_hr4,1,False,False
321,95173050_100703d_30~0036_hr4,9,False,False
322,95173050_150619d_30~0130_hr4,4,False,False
323,95173060_080901d_30~0008_rgb,1,False,False
324,95173070_140519d_30~0023_hr4c,1,True,False
325,95173089_120413b_29~0073_hr4c,2,True,False
326,95173090_220614b_30~0026_hr4c,4,True,False
327,95173090_220826b_30~0096_hr4c,1,True,False
328,95173098_120413b_28~0007_hr4,1,False,False
329,95174006_170313_0522_mtbn,3,False,False
330,95174011_140826b_21~0042_hr4,2,False,False
331,95174011_180902_0247_mtbn,1,False,False
332,95174012_130909b_22~0080_hr4,1,False,False
333,95174016_180325d_26~0185_hr4,9,False,False
334,95174023_140518b_23~0163_hr4c,3,True,False
335,95174024_100913b_24~0256_hr4c,4,True,False
336,95174034_140826b_24~0132_hr4c,0,True,False
337,95174036_100320_0357_mtbn,2,False,False
338,95174037_210130e_27~0401_hr4,1,False,False
339,95174045_140518b_25~0283_hr4c,3,True,False
340,95174046_191130_0233_mtbn,1,False,False
341,95174048_150619e_28~0101_hr4,3,False,False
342,95174056_220302d_26~0019_hr4,1,False,False
343,95174060_180922_0158_mtbn,9,False,False
344,95174060_191115_0208_mtbn,2,False,False
345,95174065_210312b_25~0007_hr4,2,False,False
346,95174068_151213e_28~0128_hr4,2,False,False
347,95174098_150619d_28~0097_hr4,0,False,False
348,95181004_180513_0407_mtbn,2,False,False
349,95181038_170305_0226_mtbn,0,False,False
350,95181039_170415_0239_mtbn,3,False,False
351,95181040_190108g_40~0107_hr4,4,False,False
352,95181043_180805_0240_mtbn,9,False,False
353,95181087_170305_0253_mtbn,4,False,False
354,95181088_130310f_38~0616_hr4,0,False,False
355,95182021_170404_0213_mtbn,0,False,False
356,95182027_130930e_37~0124_hr4,9,False,False
357,95182029_090319e_39~0100_rgb,2,False,False
358,95182049_160713e_39~0046_hr4,2,False,False
359,95182057_160715e_37~0055_hr4,1,False,False
360,95182060_090812_0155_rgbn,0,False,False
361,95182071_090828_0134_rgbn,1,False,False
362,95182071_210103g_31~0004_hr4,4,False,False
363,95182075_150726_0301_mtbn,3,False,False
364,95182079_131201d_39~0046_hr4,4,False,False
365,95182080_131201d_40~0011_hr4,0,False,False
366,95182087_130908e_37~0043_hr4,4,False,False
367,95182087_160715e_37~0043_hr4,1,False,False
368,95182098_091205d_38~0186_rgb,4,False,False
369,95183003_110911_0250_mtbn,0,False,False
370,95183003_120414b_23~0330_hr4,4,False,False
371,95183020_180922_0146_mtbn,9,False,False
372,95183022_140518b_22~0247_hr4,2,False,False
373,95183036_201119d_26~0151_hr4,1,False,False
374,95183036_220302d_26~0067_hr4,1,False,False
375,95183037_191109_0234_mtbn,4,False,False
376,95183045_170924_0209_mtbn,3,False,False
377,95183046_201119d_26~0155_hr4,0,False,False
378,95183048_150619e_28~0061_hr4,2,False,False
379,95183049_090824_0116_rgbn,1,False,False
380,95183052_120902b_22~0317_hr4,0,False,False
381,95183057_191109_0234_mtbn,2,False,False
382,95183058_130305e_28~0131_hr4,4,False,False
383,95183062_180409_0345_mtbn,1,False,False
384,95183072_130416b_22~0151_hr4,2,False,False
385,95183073_110911_0250_mtbn,1,False,False
386,95183076_091205d_26~0076_rgb,2,False,False
387,95183076_150509d_26~0394_hr4,2,False,False
388,95183080_090223_0439_rgbn,3,False,False
389,95183082_150919b_22~0085_hr4c,4,True,False
390,95183085_140518b_25~0307_hr4,1,False,False
391,95183085_180902_0314_mtbn,4,False,False
392,95183086_220302d_26~0047_hr4,1,False,False
393,95183093_140826b_23~0071_hr4c,0,True,False
394,95183094_170924_0228_mtbn,4,False,False
395,95183095_210312b_25~0035_hr4,2,False,False
396,95184001_090816_0315_rgbnc,1,True,False
397,95184001_191110_0245_mtbnc,1,True,False
398,95184014_220827d_24~0276_hr4,0,False,False
399,95184018_090821_0123_rgbn,1,False,False
400,95184018_210130e_28~0313_hr4,2,False,False
401,95184026_130803_0253_mtbn,9,False,False
402,95184049_130305e_29~0260_hr4,4,False,False
403,95184061_190908_0222_mtbn,4,False,False
404,95184063_080906b_23~0016_rgb,1,False,False
405,95184063_120414b_23~0346_hr4,9,False,False
406,95184066_160626d_26~0032_hr4,9,False,False
407,95184072_140821b_22~0223_hr4,2,False,False
408,95184076_091205d_26~0036_rgb,3,False,False
409,95184076_091222d_26_0091_rgb,0,False,False
410,95184083_140518b_23~0110_hr4,1,False,False
411,95184093_170924_0247_mtbn,1,False,False
412,95184100_210228f_30~0223_hr4,1,False,False
413,95191003_120603g_33~0092_hr4,9,False,False
414,95191010_150613h_40~0124_hr4,1,False,False
415,95191011_180719_0208_mtbn,1,False,False
416,95191013_120603g_33~0096_hr4,9,False,False
417,95191021_120603f_31~0048_hr4,2,False,False
418,95191023_180805_0314_mtbn,9,False,False
419,95191038_191215_0339_mtbn,0,False,False
420,95191042_120603g_32~0024_hr4,3,False,False
421,95191052_090820_0349_rgbn,1,False,False
422,95191065_120626g_35~0113_hr4,4,False,False
423,95191074_151003f_34~0099_hr4,1,False,False
424,95191077_130316g_37~0062_hr4,0,False,False
425,95191089_150613h_39~0164_hr4,2,False,False
426,95192015_090824_0242_rgbn,1,False,False
427,95192023_150704g_33~0004_hr4,4,False,False
428,95192038_150613h_38~0231_hr4,9,False,False
429,95192044_120626g_34~0078_hr4,2,False,False
430,95192046_210127h_36~0035_hr4,1,False,False
431,95192053_190125g_33~0225_hr4,0,False,False
432,95192058_181208_0230_mtbn,1,False,False
433,95192084_171210_0309_mtbn,0,False,False
434,95192086_181208_0304_mtbn,9,False,False
435,95192089_160713g_39~0045_hr4,4,False,False
436,95193003_150509d_23~0146_hr4,1,False,False
437,95193006_191109_0259_mtbn,1,False,False
438,95193006_210102e_26~0403_hr4,0,False,False
439,95193013_150509d_23~0142_hr4,3,False,False
440,95193020_090824_0203_rgbn,2,False,False
441,95193026_100304_0346_mtbn,9,False,False
442,95193030_190112f_30~0214_hr4,0,False,False
443,95193044_140222d_24~0366_hr4,0,False,False
444,95193046_080823e_26_0188_rgb,1,False,False
445,95193050_151003f_30~0070_hr4,2,False,False
446,95193057_130305e_27~0222_hr4,9,False,False
447,95193067_091205e_27~0112_rgb,4,False,False
448,95193081_170924_0348_mtbn,3,False,False
449,95193096_160626d_26~0004_hr4,9,False,False
450,95194005_090305e_25~0024_rgb,1,False,False
451,95194006_080823e_26_0132_rgb,1,False,False
452,95194010_130603f_30~0491_hr4,9,False,False
453,95194010_201216f_30~0043_hr4,3,False,False
454,95194011_120602a_21~0327_hr4,3,False,False
455,95194016_151219e_26~0072_hr4,0,False,False
456,95194021_100306_0248_mtbn,0,False,False
457,95194027_210130e_27~0036_hr4,4,False,False
458,95194044_130728_0313_mtbn,3,False,False
459,95194045_140223e_25~0040_hr4,0,False,False
460,95194049_090815_0152_rgbn,1,False,False
461,95194056_091205e_26~0238_rgb,1,False,False
462,95194065_151219e_25~0147_hr4,0,False,False
463,95194067_140223e_27~0142_hr4,0,False,False
464,95194069_120701_0252_mtbn,4,False,False
465,95194072_140222d_22~0070_hr4,3,False,False
466,95194077_090821_0107_rgbn,1,False,False
467,95194082_150509d_22~0212_hr4,4,False,False
468,95194096_100304_0346_mtbn,9,False,False
469,95194097_150509e_27~0103_hr4,2,False,False
470,95194100_151003f_30~0050_hr4,3,False,False
471,95201006_150609d_36~0522_hr4,2,False,False
472,95201007_160531d_37~0092_hr4,2,False,False
473,95201011_070713d_31~0328_rgb,1,False,False
474,95201014_130325_0337_mtbn,3,False,False
475,95201020_121115e_40~0063_hr4c,3,True,False
476,95201023_130325_0324_mtbn,4,False,False
477,95201026_081019d_36~0028_rgb,1,False,False
478,95201028_180519_0244_mtbn,1,False,False
479,95201029_121115e_39~0012_hr4,4,False,False
480,95201031_180519_0408_mtbn,4,False,False
481,95201033_191128_0219_mtbn,9,False,False
482,95201034_130325_0337_mtbn,4,False,False
483,95201034_180805_0206_mtbn,4,False,False
484,95201037_130530d_37~0165_hr4,9,False,False
485,95201039_121115e_39~0008_hr4,9,False,False
486,95201041_091205d_31~0434_rgb,3,False,False
487,95201041_191105_0751_mtbn,2,False,False
488,95201043_180805_0221_mtbn,2,False,False
489,95201046_210603d_36~0320_hr4,3,False,False
490,95201048_160627d_38~0301_hr4,0,False,False
491,95201051_150609d_31~0104_hr4c,3,True,False
492,95201063_091212e_33~0028_rgb,0,False,False
493,95201068_091212f_38~0141_rgb,0,False,False
494,95201068_180328f_38~0176_hr4,4,False,False
495,95201071_150609d_31~0112_hr4,9,False,False
496,95201076_110615d_36~0002_hr4,2,False,False
497,95201081_110615d_31~0304_hr4,0,False,False
498,95201084_091212e_34~0147_rgb,0,False,False
499,95201086_150609d_36~0554_hr4,1,False,False
500,95202001_120703_0340_mtbn,3,False,False
501,95202002_180519_0350_mtbn,9,False,False
502,95202013_180805_0221_mtbn,2,False,False
503,95202018_210118h_38~0093_hr4,2,False,False
504,95202019_210118h_39~0074_hr4,2,False,False
505,95202042_130603f_32~0330_hr4,4,False,False
506,95202053_120603g_33~0072_hr4,9,False,False
507,95202061_180719_0208_mtbn,9,False,False
508,95202083_090901_0233_rgbn,2,False,False
509,95202095_120626g_35~0141_hr4,4,False,False
510,95203005_160514d_25~0020_hr4,3,False,False
511,95203007_110918_0203_mtbn,1,False,False
512,95203007_160514d_27~0134_hr4,1,False,False
513,95203016_110918_0214_mtbn,3,False,False
514,95203017_090629d_27~0122_rgb,2,False,False
515,95203017_110918_0203_mtbn,1,False,False
516,95203017_130530d_27~0012_hr4,2,False,False
517,95203019_120701_0252_mtbn,9,False,False
518,95203019_170610_0311_mtbn,9,False,False
519,95203026_170610_0248_mtbn,4,False,False
520,95203035_150608d_25~0351_hr4,4,False,False
521,95203036_140630d_26~0108_hr4,4,False,False
522,95203036_180806_0211_mtbn,9,False,False
523,95203042_140609a_22~0567_hr4,4,False,False
524,95203043_150518a_23~1007_hr4,3,False,False
525,95203049_171210_0231_mtbn,0,False,False
526,95203051_100630a_21~0074_hr4,1,False,False
527,95203051_120602a_21~0351_hr4,2,False,False
528,95203056_091205e_26~0198_rgb,2,False,False
529,95203057_091205e_27~0187_rgb,2,False,False
530,95203061_120602a_21~0347_hr4c,4,True,False
531,95203062_130530a_22~0379_hr4c,9,True,False
532,95203064_110918_0235_mtbn,9,False,False
533,95203073_180606_0414_mtbn,2,False,False
534,95203080_130310f_30~0016_hr4,0,False,False
535,95203080_130603f_30~0503_hr4,3,False,False
536,95203084_180606_0407_mtbn,4,False,False
537,95203090_201216f_30~0035_hr4,1,False,False
538,95203095_130728_0247_mtbn,3,False,False
539,95203096_110918_0214_mtbn,9,False,False
540,95203097_091205e_27~0171_rgb,3,False,False
541,95203099_201216f_29~0100_hr4,9,False,False
542,95203100_130603f_30~0495_hr4,9,False,False
543,95203100_201216f_30~0039_hr4,3,False,False
544,95204004_171005_0230_mtbn,3,False,False
545,95204009_091021d_29~0171_rgb,2,False,False
546,95204013_131018a_23~0128_hr4,0,False,False
547,95204022_120602a_22~0236_hr4,1,False,False
548,95204023_120602a_23~0050_hr4,2,False,False
549,95204028_091021d_28~0194_rgb,3,False,False
550,95204030_090629d_30~0244_rgb,1,False,False
551,95204035_100620d_25~0012_hr4,3,False,False
552,95204037_170610_0237_mtbnc,4,True,False
553,95204039_140630d_29~0362_hr4,2,False,False
554,95204041_210525a_21~0225_hr4,1,False,False
555,95204044_131018a_24~0087_hr4,1,False,False
556,95204044_170623_0312_mtbn,4,False,False
557,95204048_140630d_28~0175_hr4,1,False,False
558,95204052_140609a_22~0531_hr4,4,False,False
559,95204054_171005_0230_mtbnc,2,True,False
560,95204057_160514d_27~0154_hr4,2,False,False
561,95204058_131129d_28~0142_hr4,0,False,False
562,95204060_091021d_30~0104_rgbc,3,True,False
563,95204061_180527_0317_mtbn,3,False,False
564,95204062_110709_0232_mtbn,2,False,False
565,95204065_170610_0226_mtbn,2,False,False
566,95204070_180519_0427_mtbnc,1,True,False
567,95204076_110918_0214_mtbn,1,False,False
568,95204078_091021d_28~0214_rgb,3,False,False
569,95204078_160514d_28~0201_hr4,0,False,False
570,95204082_130530a_22~0347_hr4,2,False,False
571,95204085_170609_0334_mtbn,4,False,False
572,95204089_091021d_29~0139_rgb,3,False,False
573,95204095_150608d_25~0367_hr4,3,False,False
574,95204099_091021d_29~0135_rgb,4,False,False
575,95211001_180519_0408_mtbn,3,False,False
576,95211004_110615d_34~0166_hr4,0,False,False
577,95211009_180716_0256_mtbn,9,False,False
578,95211013_201029d_33~0084_hr4,2,False,False
579,95211015_140619d_35~0294_hr4,4,False,False
580,95211023_140619d_33~0215_hr4,2,False,False
581,95211052_091014d_32~0080_rgb,2,False,False
582,95211052_150609d_32~0227_hr4,0,False,False
583,95211054_210603d_34~0157_hr4,2,False,False
584,95211056_140822e_36~0008_hr4,0,False,False
585,95211061_140630d_31~0449_hr4,9,False,False
586,95211062_091014d_32~0076_rgb,1,False,False
587,95211062_140630d_32~0500_hr4,3,False,False
588,95211068_180716_0311_mtbn,3,False,False
589,95211072_140630d_32~0504_hr4,1,False,False
590,95211074_130325_0451_mtbn,0,False,False
591,95211081_121017d_31~0438_hr4,0,False,False
592,95211081_180519_0408_mtbn,4,False,False
593,95211091_091014d_31~0159_rgb,2,False,False
594,95211093_091021d_33~0324_rgb,2,False,False
595,95211095_091021d_35~0409_rgb,3,False,False
596,95211097_191128_0149_mtbn,0,False,False
597,95212005_091205d_35~0200_rgb,4,False,False
598,95212012_160627d_32~0155_hr4c,1,True,False
599,95212014_150609d_34~0305_hr4c,1,True,False
600,95212015_091205d_35~0204_rgb,9,False,False
601,95212015_180519_0312_mtbn,9,False,False
602,95212021_160529d_31~0055_hr4,3,False,False
603,95212022_180519_0350_mtbn,1,False,False
604,95212023_111125d_33~0283_hr4c,9,True,False
605,95212025_150609d_35~0416_hr4,1,False,False
606,95212031_091205d_31~0390_rgb,2,False,False
607,95212032_191107_0334_mtbn,3,False,False
608,95212041_091205d_31~0394_rgb,2,False,False
609,95212047_140223e_37~0678_hr4,3,False,False
610,95212050_160526g_40~0036_hr4,3,False,False
611,95212052_161210_0727_mtbn,2,False,False
612,95212065_180519_0312_mtbn,9,False,False
613,95212067_110615d_37~0112_hr4,1,False,False
614,95212069_100719e_39~0004_hr4,9,False,False
615,95212069_121115e_39~0036_hr4,1,False,False
616,95212071_210311d_31~0108_hr4,1,False,False
617,95212076_110615d_36~0042_hr4,0,False,False
618,95212076_160531d_36~0050_hr4,1,False,False
619,95212086_110615d_36~0038_hr4,2,False,False
620,95212086_181108_0337_mtbn,0,False,False
621,95212091_211119d_31~0051_hr4,0,False,False
622,95212094_111130e_34~0162_hr4,0,False,False
623,95212098_100719d_38~0074_hr4,4,False,False
624,95212100_090918e_40~0011_rgb,3,False,False
625,95212100_100719e_40~0059_hr4,9,False,False
626,95212100_121115e_40~0055_hr4,9,False,False
627,95213008_180519_0225_mtbnc,9,True,False
628,95213017_150608b_27~0136_hr4,0,False,False
629,95213019_160703b_29~0241_hr4c,4,True,False
630,95213020_091021d_30~0048_rgb,4,False,False
631,95213022_110709_0232_mtbn,2,False,False
632,95213023_131018a_23~0164_hr4,0,False,False
633,95213028_090610b_28~0204_rgb,1,False,False
634,95213028_170607_0232_mtbn,9,False,False
635,95213031_140609a_21~0232_hr4,4,False,False
636,95213031_170623_0326_mtbn,1,False,False
637,95213033_100518a_23~0039_hr4c,3,True,False
638,95213036_100518b_26~0332_hr4c,1,True,False
639,95213037_181001_0223_mtbn,9,False,False
640,95213040_091021d_30~0056_rgbc,3,True,False
641,95213049_120522b_29~0012_hr4,1,False,False
642,95213051_170623_0326_mtbn,4,False,False
643,95213052_170607_0418_mtbn,2,False,False
644,95213054_140616a_24~0076_hr4c,3,True,False
645,95213058_120522b_28~0164_hr4,3,False,False
646,95213058_150608b_28~0199_hr4,0,False,False
647,95213064_160514a_24~0072_hr4,4,False,False
648,95213065_181001_0238_mtbn,2,False,False
649,95213066_181001_0254_mtbn,3,False,False
650,95213073_140616a_23~0181_hr4,2,False,False
651,95213074_090430a_24~0788_rgb,1,False,False
652,95213078_130527b_28~0087_hr4,4,False,False
653,95213080_091014d_30~0050_rgb,9,False,False
654,95213083_141016a_23~0144_hr4,0,False,False
655,95213083_171005_0208_mtbn,3,False,False
656,95213084_140616a_24~0064_hr4,3,False,False
657,95213085_120522b_25~0375_hr4,4,False,False
658,95213086_090610b_26~0341_rgb,1,False,False
659,95213086_160703b_26~0133_hr4,4,False,False
660,95213087_130607b_27~0161_hr4,2,False,False
661,95213088_130527b_28~0091_hr4,3,False,False
662,95213093_151018a_23~0305_hr4,0,False,False
663,95213099_100519d_29~0140_hr4,0,False,False
664,95213100_140630d_30~0244_hr4,2,False,False
665,95214009_100518b_29~0063_hr4,1,False,False
666,95214010_140630d_30~0320_hr4,2,False,False
667,95214019_211027b_29~0117_hr4,0,False,False
668,95214020_090629d_30~0328_rgb,9,False,False
669,95214026_091014b_26~0085_rgb,9,False,False
670,95214026_110529b_26~0113_hr4,0,False,False
671,95214027_160703b_27~0074_hr4,3,False,False
672,95214028_090610b_28~0244_rgb,0,False,False
673,95214036_151018b_26~0349_hr4,0,False,False
674,95214040_100519d_30~0532_hr4,9,False,False
675,95214043_211025a_23~0172_hr4,2,False,False
676,95214046_071016b_26_0327_rgb,0,False,False
677,95214046_091014b_26~0093_rgb,9,False,False
678,95214050_090629d_30~0316_rgbc,1,True,False
679,95214056_091014b_26~0097_rgb,4,False,False
680,95214058_091014b_28~0224_rgb,2,False,False
681,95214059_140630d_29~0331_hr4,2,False,False
682,95214066_160703b_26~0095_hr4,4,False,False
683,95214069_071016b_29_0271_rgb,0,False,False
684,95214076_160703b_26~0099_hr4,3,False,False
685,95214076_170607_0336_mtbn,3,False,False
686,95214076_180527_0149_mtbn,0,False,False
687,95214084_130530a_24~0023_hr4,1,False,False
688,95214084_171005_0230_mtbn,0,False,False
689,95214085_070702b_25~0477_hr4c,9,True,False
690,95214086_140627b_26~0266_hr4,0,False,False
691,95214090_130607d_30~0157_hr4c,3,True,False
692,95214090_160529d_30~0036_hr4c,2,True,False
693,95214092_140616a_22~0258_hr4,3,False,False
694,95214093_160514a_23~0148_hr4,2,False,False
695,95214100_130606d_30~0164_hr4,3,False,False
696,95221040_100607b_40~0232_hr4,2,False,False
697,95221076_171115_0341_mtbn,2,False,False
698,95221090_091017b_40~0212_rgb,2,False,False
699,95221097_151013b_37~0297_hr4,0,False,False
700,95221099_091017b_39~0112_rgbc,3,True,False
701,95221100_130527b_40~0504_hr4,9,False,False
702,95222009_080803b_39~0012_rgb,1,False,False
703,95222018_160531b_38~0285_hr4,0,False,False
704,95222020_130527b_40~0496_hr4,9,False,False
705,95222025_210524b_35~0303_hr4,0,False,False
706,95222035_091017b_35~0439_rgb,3,False,False
707,95222041_160628b_31~0192_hr4,3,False,False
708,95222052_211027b_32~0024_hr4,1,False,False
709,95222053_150516b_33~0448_hr4,0,False,False
710,95222055_120525b_35~0337_hr4,0,False,False
711,95222058_151013b_38~0232_hr4,0,False,False
712,95222062_071023b_32_0162_rgb,0,False,False
713,95222065_130527b_35~0324_hr4,9,False,False
714,95222071_110626_0223_mtbn,0,False,False
715,95222075_081021b_35~0073_rgb,1,False,False
716,95222075_130527b_35~0320_hr4,2,False,False
717,95222081_120523b_31~0049_hr4,9,False,False
718,95222081_140618b_31~0445_hr4,1,False,False
719,95222083_130527b_33~0305_hr4,3,False,False
720,95222083_171026_0212_mtbn,0,False,False
721,95222087_090701d_37~0057_rgb,1,False,False
722,95222088_100519d_38~0513_hr4,1,False,False
723,95222091_151013b_31~0536_hr4,0,False,False
724,95222092_151013b_32~0480_hr4,0,False,False
725,95222094_100519d_34~0320_hr4,0,False,False
726,95222094_140619d_34~0204_hr4,9,False,False
727,95222095_160529d_35~0231_hr4,1,False,False
728,95223070_150516b_30~0551_hr4,0,False,False
729,95223089_120522b_29~0071_hr4,9,False,False
730,95223097_120522b_27~0275_hr4,9,False,False
731,95223100_180519_0427_mtbn,3,False,False
732,96181001_140628d_51~0013_hr4,2,False,False
733,96181011_130602d_51~0060_hr4,9,False,False
734,96181021_151028d_51~0157_hr4,1,False,False
735,96183004_091028j_09~0368_hr4,0,False,False
736,96183012_160714d_42~0180_hr4,1,False,False
737,96184002_130323f_42~0012_hr4,2,False,False
738,96184003_150517f_43~0031_hr4,2,False,False
739,96184010_160715d_50~0051_hr4,4,False,False
740,96184013_130323f_43~0083_hr4,9,False,False
741,96184014_130323f_44~0097_hr4,9,False,False
742,96184029_131201d_49~0406_hr4,0,False,False
743,96184032_130317e_42~0004_hr4,4,False,False
744,96184032_170812_0252_mtbn,2,False,False
745,96184038_150611d_48~0220_hr4,2,False,False
746,96184038_210527d_48~0222_hr4,2,False,False
747,96184044_110604j_18_0508_hr4,9,False,False
748,96184044_151028d_44~0315_hr4,2,False,False
749,96184048_140530d_48~0142_hr4,4,False,False
750,96184050_160715d_50~0067_hr4,4,False,False
751,96184052_170108_0414_mtbn,9,False,False
752,96184056_191111_0237_mtbn,3,False,False
753,96184065_140929d_45~0197_hr4,2,False,False
754,96184065_221006d_45~0024_hr4,4,False,False
755,96184066_210527d_46~0058_hr4,0,False,False
756,96184075_140530d_45~0131_hr4,3,False,False
757,96184075_151016d_45~0011_hr4,9,False,False
758,96184082_140530d_42~0004_hr4,2,False,False
759,96184082_140929d_42~0071_hr4,3,False,False
760,96184093_130930b_43~0015_hr4c,0,True,False
761,96191015_131201d_55~0702_hr4,4,False,False
762,96191016_170813_0220_mtbn,0,False,False
763,96191017_140627d_57~0273_hr4,2,False,False
764,96191019_130531d_59~0387_hr4,2,False,False
765,96191028_131030d_58~0351_hr4,3,False,False
766,96191028_181111_0250_mtbn,3,False,False
767,96191029_181111_0232_mtbn,1,False,False
768,96191031_210320f_51~0246_hr4,3,False,False
769,96191032_150731e_52~0131_hr4,0,False,False
770,96191032_170812_0346_mtbn,2,False,False
771,96191039_130531d_59~0379_hr4,1,False,False
772,96191045_110604j_19_0637_hr4,2,False,False
773,96191048_131030d_58~0343_hr4,4,False,False
774,96191048_151028d_58~0046_hr4,9,False,False
775,96191061_170630_0401_mtbn,9,False,False
776,96191065_140628d_55~0234_hr4,2,False,False
777,96191071_141001d_51~0149_hr4,9,False,False
778,96191074_181109_0340_mtbn,9,False,False
779,96191084_110706_0244_mtbn,2,False,False
780,96191096_130531d_56~0448_hr4,2,False,False
781,96192012_140620d_52~0004_hr4,9,False,False
782,96192012_141001d_52~0117_hr4,4,False,False
783,96192015_170712_0153_mtbn,4,False,False
784,96192025_160823e_55~0008_hr4,2,False,False
785,96192041_141001d_51~0177_hr4,1,False,False
786,96192062_160715d_52~0159_hr4,9,False,False
787,96192063_150611d_53~0004_hr4,9,False,False
788,96192064_150611d_54~0038_hr4,1,False,False
789,96192072_131201d_52~0440_hr4,3,False,False
790,96192072_160715d_52~0163_hr4,9,False,False
791,96192082_140628d_52~0106_hr4,3,False,False
792,96192082_160715d_52~0167_hr4,9,False,False
793,96192082_171006_0314_mtbn,3,False,False
794,96192092_160715d_52~0171_hr4,4,False,False
795,96193004_220923g_44~0153_hr4,2,False,False
796,96193019_210320f_49~0168_hr4,4,False,False
797,96193020_120702_0407_mtbn,0,False,False
798,96193028_191111_0259_mtbn,9,False,False
799,96193029_091028j_13~0249_hr4,1,False,False
800,96193030_220418d_50~0008_hr4c,3,True,False
801,96193033_090108_0324_rgbn,4,False,False
802,96193036_130930e_46~0198_hr4,9,False,False
803,96193041_160713g_41~0096_hr4,3,False,False
804,96193044_130323f_44~0125_hr4,2,False,False
805,96193050_110604j_19_0602_hr4,9,False,False
806,96193051_140325g_41~0214_hr4,4,False,False
807,96193061_160713g_41~0104_hr4,4,False,False
808,96193066_180327e_46~0008_hr4,9,False,False
809,96193075_090319e_45~0231_rgb,2,False,False
810,96193080_130602d_50~0219_hr4,9,False,False
811,96193081_210202g_41~0138_hr4,2,False,False
812,96193086_220418d_46~0091_hr4,1,False,False
813,96193091_140325g_41~0230_hr4,9,False,False
814,96193094_130323f_44~0105_hr4,9,False,False
815,96194002_220406i_42~0068_hr4,2,False,False
816,96194013_210202i_43~0040_hr4,1,False,False
817,96194027_170408_0316_mtbn,2,False,False
818,96194036_170408_0305_mtbn,4,False,False
819,96194065_170404_0250_mtbn,0,False,False
820,96194095_170404_0250_mtbn,3,False,False
821,96201001_120624h_51~0106_hr4,9,False,False
822,96201017_170813_0314_mtbn,4,False,False
823,96201021_100619h_51~0136_hr4,1,False,False
824,96201031_120624h_51~0118_hr4,9,False,False
825,96201041_120624h_51~0122_hr4,9,False,False
826,96201059_140627d_59~0004_hr4,9,False,False
827,96201060_130531d_60~0050_hr4,1,False,False
828,96201072_100501g_52~0186_hr4,0,False,False
829,96201074_181003_0301_mtbn,9,False,False
830,96201080_170727_0338_mtbn,9,False,False
831,96201084_181003_0301_mtbn,9,False,False
832,96201085_150801_0416_mtbn,4,False,False
833,96201088_180512_0339_mtbn,4,False,False
834,96201092_151017g_52~0029_hr4,3,False,False
835,96201096_181219f_56~0024_hr4,0,False,False
836,96201097_170813_0240_mtbn,3,False,False
837,96201100_130531d_60~0057_hr4,9,False,False
838,96202008_131030d_58~0399_hr4,4,False,False
839,96202009_161027b_59~0128_hr4,3,False,False
840,96202017_140627d_57~0313_hr4,4,False,False
841,96202024_210320f_54~0335_hr4,2,False,False
842,96202034_140728f_54~0043_hr4,3,False,False
843,96202041_151017g_51~0092_hr4,3,False,False
844,96202043_140728f_53~0028_hr4,4,False,False
845,96202052_161028g_52~0211_hr4,9,False,False
846,96202055_210528d_55~0049_hr4,4,False,False
847,96202058_180512_0339_mtbn,4,False,False
848,96202068_130531d_58~0311_hr4,4,False,False
849,96202073_170812_0339_mtbn,9,False,False
850,96202077_171018_0324_mtbn,2,False,False
851,96202079_170712_0249_mtbn,3,False,False
852,96202096_210528d_56~0108_hr4,2,False,False
853,96202097_151017d_57~0051_hr4,1,False,False
854,96203001_180328f_41~0130_hr4,0,False,False
855,96203021_090906_0202_rgbn,0,False,False
856,96203026_090101_0244_RGBN,0,False,False
857,96203072_090102_0330_rgbn,0,False,False
858,96203092_151025i_42~0121_hr4,4,False,False
859,96204005_151025f_45~0021_hr4,3,False,False
860,96204005_210314f_45~0059_hr4,1,False,False
861,96204007_190110g_48~0138_hr4,0,False,False
862,96204025_190822_0322_mtbn,4,False,False
863,96204030_150610h_50~0048_hr4,0,False,False
864,96204042_081010_0410_RGBN,0,False,False
865,96204042_151025f_42~0141_hr4,4,False,False
866,96204058_140714h_48~0075_hr4,9,False,False
867,96204061_130603f_41~0048_hr4,0,False,False
868,96204068_130313h_48~0493_hr4,4,False,False
869,96204082_151025f_42~0125_hr4,3,False,False
870,96204099_150613h_49~0324_hr4,4,False,False
871,96211007_081130f_57~0008_rgb,1,False,False
872,96211009_170928_0314_mtbn,0,False,False
873,96211010_151202g_60~0039_hr4,2,False,False
874,96211015_120814g_55~0095_hr4,9,False,False
875,96211022_210106h_52~0042_hr4,2,False,False
876,96211023_080921_0258_RGBN,0,False,False
877,96211024_130805_0347_mtbn,2,False,False
878,96211024_201226g_54~0264_hr4,3,False,False
879,96211035_120814g_55~0103_hr4,9,False,False
880,96211042_180307h_52~0290_hr4,9,False,False
881,96211048_150515h_58~0120_hr4,2,False,False
882,96211059_150515h_59~0027_hr4,1,False,False
883,96211060_150515h_60~0004_hr4,3,False,False
884,96211062_090916h_52~0017_rgb,0,False,False
885,96211067_130313h_57~0058_hr4,3,False,False
886,96211068_180307h_58~0012_hr4,2,False,False
887,96211070_170217_0303_mtbn,1,False,False
888,96211071_180307g_51~0031_hr4,2,False,False
889,96211075_210115h_55~0245_hr4,0,False,False
890,96211096_180307h_56~0141_hr4,4,False,False
891,96212001_180307g_51~0043_hr4,1,False,False
892,96212002_180307h_52~0314_hr4,3,False,False
893,96212003_210115h_53~0310_hr4,0,False,False
894,96212005_080921_0310_RGBN,0,False,False
895,96212005_100503h_55~0079_hr4,3,False,False
896,96212023_150515h_53~0292_hr4,0,False,False
897,96212025_180307h_55~0188_hr4,4,False,False
898,96212027_160825g_57~0192_hr4,0,False,False
899,96212041_120624h_51~0082_hr4,9,False,False
900,96212042_180307h_52~0330_hr4,9,False,False
901,96212051_120624h_51~0086_hr4,3,False,False
902,96212051_130313h_51~0369_hr4,3,False,False
903,96212063_150515h_53~0276_hr4,1,False,False
904,96212065_100503h_55~0103_hr4,4,False,False
905,96212069_181002_0213_mtbn,4,False,False
906,96212070_191224_0333_mtbn,2,False,False
907,96212081_210106h_51~0277_hr4,1,False,False
908,96213003_120617h_43~0143_hr4,9,False,False
909,96213009_180718_0235_mtbn,0,False,False
910,96213016_210315h_46~0090_hr4,1,False,False
911,96213023_081010_0426_RGBN,1,False,False
912,96213023_120617h_43~0151_hr4,4,False,False
913,96213023_210120h_43~0012_hr4,4,False,False
914,96213027_141217h_47~0109_hr4,1,False,False
915,96213027_190110g_48~0170_hr4,4,False,False
916,96213037_130603f_47~0624_hr4,2,False,False
917,96213039_080921_0205_RGBN,0,False,False
918,96213047_210314f_47~0106_hr4,0,False,False
919,96213048_120624g_48~0141_hr4,2,False,False
920,96213048_150610g_48~0107_hr4,0,False,False
921,96213059_161104g_49~0064_hr4,3,False,False
922,96213060_181002_0337_mtbn,9,False,False
923,96213066_161104f_46~0032_hr4,1,False,False
924,96213070_120624h_50~0043_hr4,3,False,False
925,96213074_130603f_44~0717_hr4,9,False,False
926,96213075_161104f_45~0059_hr4,9,False,False
927,96213081_120119f_41~0291_hr4,9,False,False
928,96213086_130603f_46~0682_hr4,3,False,False
929,96213087_080926_0239_RGBN,1,False,False
930,96213092_151025f_42~0161_hr4,4,False,False
931,96214020_160717h_50~0043_hr4,2,False,False
932,96214038_160717h_48~0074_hr4,1,False,False
933,96214057_141217h_47~0137_hr4,0,False,False
934,96214060_080826i_50~0051_rgb,1,False,False
935,96214076_160717h_46~0160_hr4,4,False,False
936,96214088_210106h_48~0132_hr4,1,False,False
937,96214095_120617h_45~0073_hr4,3,False,False
938,96221004_070718b_54~0365_rgb,1,False,False
939,96221008_090705b_58~0093_rgb,3,False,False
940,96221008_120606b_58~0281_hr4,2,False,False
941,96221011_110701_0233_mtbnc,3,True,False
942,96221015_120606b_55~0186_hr4,2,False,False
943,96221020_120606b_60~0381_hr4c,9,True,False
944,96221027_220308c_57~0042_hr4,0,False,False
945,96221028_100113c_58~0020_hr4,2,False,False
946,96221033_201025b_53~0223_hr4,4,False,False
947,96221034_130804_0406_mtbnc,2,True,False
948,96221042_071021b_52_0305_rgb,0,False,False
949,96221043_150516b_53~0077_hr4c,3,True,False
950,96221046_150810e_56~0047_hr4,9,False,False
951,96221049_150930e_59~0004_hr4,9,False,False
952,96221063_110724b_53~0288_hr4,9,False,False
953,96221064_110728c_54~0229_hr4,0,False,False
954,96221070_150812e_60~0070_hr4,9,False,False
955,96221083_180516_0236_mtbn,3,False,False
956,96221093_171211_0331_mtbn,0,False,False
957,96221093_180516_0236_mtbn,4,False,False
958,96221094_081129e_54~0062_rgb,0,False,False
959,96221095_140822e_55~0255_hr4,1,False,False
960,96221096_131130f_56~0134_hr4,0,False,False
961,96222011_150725_0254_mtbn,3,False,False
962,96222011_180516_0246_mtbn,3,False,False
963,96222021_150725_0254_mtbn,3,False,False
964,96222029_151005f_59~0042_hr4,4,False,False
965,96222031_130731_0302_mtbn,4,False,False
966,96222034_130731_0237_mtbn,2,False,False
967,96222039_150814f_59~0039_hr4,9,False,False
968,96222039_151005f_59~0046_hr4,4,False,False
969,96222043_201226g_53~0225_hr4,1,False,False
970,96222046_081130f_56~0091_rgb,1,False,False
971,96222047_120814f_57~0255_hr4,2,False,False
972,96222049_151005f_59~0050_hr4,9,False,False
973,96222067_120814f_57~0247_hr4,9,False,False
974,96222083_081201g_53_0138_rgb,0,False,False
975,96222089_120812f_59~0080_hr4,9,False,False
976,96223001_120526b_41~0293_hr4,4,False,False
977,96223002_091017b_42~0413_rgb,2,False,False
978,96223004_120525b_44~0257_hr4,9,False,False
979,96223005_191112_0247_mtbn,0,False,False
980,96223008_150615c_48~0027_hr4,4,False,False
981,96223014_130724_0150_mtbn,9,False,False
982,96223014_201026b_44~0121_hr4,0,False,False
983,96223028_131130c_48~0144_hr4,0,False,False
984,96223031_110615d_41~0796_hr4,3,False,False
985,96223038_160717g_48~0180_hr4,4,False,False
986,96223042_140822e_42~0191_hr4,1,False,False
987,96223077_140323f_47~0020_hr4,1,False,False
988,96223087_081130f_47~0176_rgb,0,False,False
989,96224002_181106_0234_mtbn,9,False,False
990,96224003_111204b_43~0048_hr4,3,False,False
991,96224003_130527b_43~0648_hr4,9,False,False
992,96224005_130527b_45~0805_hr4,9,False,False
993,96224010_090616b_50~0085_rgbc,3,True,False
994,96224015_130527b_45~0809_hr4,9,False,False
995,96224018_151025b_48~0213_hr4,4,False,False
996,96224020_171214_0242_mtbnc,0,True,False
997,96224021_120526b_41~0261_hr4,0,False,False
998,96224021_130527b_41~0557_hr4,9,False,False
999,96224026_120525b_46~0176_hr4,0,False,False
1000,96224030_110701_0243_mtbnc,1,True,False
1001,96224031_130527b_41~0561_hr4,9,False,False
1002,96224034_130527b_44~0760_hr4c,9,True,False
1003,96224040_100607b_50~0777_hr4c,0,True,False
1004,96224048_150615c_48~0051_hr4c,9,True,False
1005,96224049_150513b_49~0116_hr4c,4,True,False
1006,96224051_150513b_41~0558_hr4c,1,True,False
1007,96224053_140621b_43~0097_hr4c,3,True,False
1008,96224063_111204b_43~0024_hr4,1,False,False
1009,96224064_090616b_44~0024_rgbc,2,True,False
1010,96224065_130527b_45~0829_hr4c,9,True,False
1011,96224067_140717c_47~0132_hr4,4,False,False
1012,96224072_140621b_42~0024_hr4,9,False,False
1013,96224073_140713b_43~0328_hr4,2,False,False
1014,96224082_130527b_42~0705_hr4,9,False,False
1015,96224083_130527b_43~0616_hr4,9,False,False
1016,96224087_140717c_47~0140_hr4,4,False,False
1017,96224092_091017b_42~0409_rgb,3,False,False
1018,96224092_140621b_42~0016_hr4,4,False,False
1019,96224093_151025b_43~0111_hr4,2,False,False
1020,96232043_181106_0307_mtbn,9,False,False
1021,96232045_150615b_55~0040_hr4,2,False,False
1022,96232045_181106_0342_mtbn,3,False,False
1023,96232047_080805b_57~0124_rgb,1,False,False
1024,96232047_091019b_57~0142_rgb,4,False,False
1025,96232061_171214_0217_mtbn,2,False,False
1026,96232063_181106_0307_mtbnc,0,True,False
1027,96232064_170624_0306_mtbnc,2,True,False
1028,96232067_080805b_57~0116_rgbc,1,True,False
1029,96232067_181106_0405_mtbnc,9,True,False
1030,96232071_130608b_51~0145_hr4c,3,True,False
1031,96232080_180326b_60~0085_hr4,3,False,False
1032,96232095_091019b_55~0242_rgb,4,False,False
1033,96233069_090616b_49~0253_rgb,1,False,False
1034,96233069_140617b_49~0240_hr4,0,False,False
1035,96233070_090616b_50~0069_rgb,2,False,False
1036,96233078_090616b_48~0321_rgb,1,False,False
1037,96233082_130527b_42~0665_hr4,9,False,False
1038,96233094_130527b_44~0776_hr4,9,False,False
1039,97173083_130416b_63~0037_hr4,2,False,False
1040,97173084_090917b_06~0068_rgb,1,False,False
1041,97173094_191222_0339_mtbn,1,False,False
1042,97203003_191226_0346_mtbn,0,False,False
1043,97203021_140620d_61~0270_hr4c,3,True,False
1044,97203022_140620d_62~0181_hr4,4,False,False
1045,97204001_120704f_61~0045_hr4,4,False,False
1046,97204023_210526b_63~0062_hr4,2,False,False
1047,97204041_180512_0257_mtbn,1,False,False
1048,97204062_110604j_07_0186_hr4,4,False,False
1049,97204062_180512_0243_mtbn,4,False,False
1050,97211004_121022c_74~0101_hr4c,2,True,False
1051,97211005_150612c_75~0058_hr4,1,False,False
1052,97211051_120704e_71~0015_hr4,3,False,False
1053,97211061_120704e_71~0011_hr4,1,False,False
1054,97213007_121022f_67~0012_hr4,9,False,False
1055,97213008_121022f_68~0111_hr4,9,False,False
1056,97213014_191224_0243_mtbn,3,False,False
1057,97213017_191211_0234_mtbn,9,False,False
1058,97213017_210201f_67~0066_hr4,3,False,False
1059,97213024_191224_0243_mtbn,9,False,False
1060,97213026_110917_0215_mtbn,4,False,False
1061,97213032_121221f_62~0059_hr4,0,False,False
1062,97213045_121221e_65~0042_hr4,4,False,False
1063,97213084_181028_0502_mtbnc,1,True,False
1064,97214006_150803_0319_mtbn,2,False,False
1065,97214006_220920f_66~0055_hr4,3,False,False
1066,97214015_120809f_65~0093_hr4,9,False,False
1067,97214019_121022e_69~0090_hr4,9,False,False
1068,97214022_150811f_62~0067_hr4,3,False,False
1069,97214026_120809f_66~0132_hr4,4,False,False
1070,97214033_220920f_63~0099_hr4,2,False,False
1071,97214037_150629f_67~0206_hr4,4,False,False
1072,97214038_120809f_68~0035_hr4,4,False,False
1073,97214043_170328_0328_mtbn,2,False,False
1074,97214047_150629f_67~0202_hr4,4,False,False
1075,97214050_121022e_70~0023_hr4,9,False,False
1076,97214052_180807_0251_mtbn,3,False,False
1077,97214055_150811f_65~0154_hr4,3,False,False
1078,97214058_120809f_68~0027_hr4,9,False,False
1079,97214067_120704f_67~0117_hr4,1,False,False
1080,97214076_150803_0319_mtbn,9,False,False
1081,97214077_120704f_67~0121_hr4,3,False,False
1082,97214086_100501g_66~0159_hr4,9,False,False
1083,97214087_121022f_67~0020_hr4,9,False,False
1084,97214088_120704f_68~0098_hr4,3,False,False
1085,97214096_100501g_66~0155_hr4,9,False,False
1086,97214097_121022f_67~0016_hr4,9,False,False
1087,97214098_121022f_68~0107_hr4,9,False,False
1088,97214099_170805_0232_mtbn,3,False,False
1089,97221001_150718c_71~0177_hr4,2,False,False
1090,97221002_160620c_72~0370_hr4,9,False,False
1091,97221002_220304c_72~0158_hr4,2,False,False
1092,97221006_150718c_76~0330_hr4,4,False,False
1093,97221015_150718c_75~0300_hr4,4,False,False
1094,97221016_120812c_76~0054_hr4,1,False,False
1095,97221022_130804_0253_mtbn,3,False,False
1096,97221022_140824c_72~0260_hr4,4,False,False
1097,97221025_160620c_75~0333_hr4,4,False,False
1098,97221034_160620c_74~0414_hr4,9,False,False
1099,97221043_160620c_73~0277_hr4,1,False,False
1100,97221051_140824c_71~0233_hr4c,4,True,False
1101,97221072_161112b_72~0050_hr4,0,False,False
1102,97221083_150514b_73~0061_hr4c,0,True,False
1103,97221092_090522b_72~0113_rgb,0,False,False
1104,97222041_091106b_71~0121_rgb,4,False,False
1105,97222043_121110b_73~0128_hr4,1,False,False
1106,97222051_121022e_71~0183_hr4,3,False,False
1107,97222073_120704c_73~0023_hr4,3,False,False
1108,97222073_121022c_73~0034_hr4,9,False,False
1109,97222073_150715c_73~0125_hr4,4,False,False
1110,97222074_120704c_74~0075_hr4,2,False,False
1111,97222074_160705c_74~0067_hr4,1,False,False
1112,97222081_121022e_71~0171_hr4,3,False,False
1113,97222083_150715c_73~0129_hr4,4,False,False
1114,97222092_170805_0309_mtbn,3,False,False
1115,97222093_120704c_73~0015_hr4,4,False,False
1116,97222094_110408_0333_mtbn,9,False,False
1117,97223002_150812e_62~0097_hr4,9,False,False
1118,97223007_220304c_67~0338_hr4,3,False,False
1119,97223019_100705b_69~0175_hr4,0,False,False
1120,97223023_151223e_63~0048_hr4,4,False,False
1121,97223026_151202c_66~0050_hr4,0,False,False
1122,97223029_140718b_69~0016_hr4,9,False,False
1123,97223039_140718b_69~0020_hr4,9,False,False
1124,97223050_170629_0316_mtbn,9,False,False
1125,97223057_160706c_67~0054_hr4,9,False,False
1126,97223060_121022e_70~0059_hr4,9,False,False
1127,97223071_220908e_61~0175_hr4,0,False,False
1128,97223073_120814f_63~0083_hr4,9,False,False
1129,97223073_150811f_63~0036_hr4,9,False,False
1130,97223078_150803_0256_mtbn,9,False,False
1131,97223081_180807_0300_mtbn,4,False,False
1132,97223082_150629f_62~0065_hr4,4,False,False
1133,97223084_150811f_64~0103_hr4,9,False,False
1134,97223093_220920f_63~0115_hr4,3,False,False
1135,97223094_191211_0306_mtbn,1,False,False
1136,97223098_120809f_68~0051_hr4,9,False,False
1137,97223100_161112e_70~0061_hr4,4,False,False
1138,97224009_081203c_69~0584_rgb,1,False,False
1139,97224010_160718c_70~0005_hr4,3,False,False
1140,97224017_160620c_67~0091_hr4,4,False,False
1141,97224019_140823c_69~0074_hr4,3,False,False
1142,97224024_150810c_64~0065_hr4,3,False,False
1143,97224027_150810c_67~0112_hr4,4,False,False
1144,97224033_150810c_63~0050_hr4,3,False,False
1145,97224033_150811c_63~0011_hr4,4,False,False
1146,97224035_140720c_65~0214_hr4,2,False,False
1147,97224037_140823c_67~0028_hr4,3,False,False
1148,97224037_150810c_67~0108_hr4,9,False,False
1149,97224038_150810c_68~0140_hr4,9,False,False
1150,97224038_150811c_68~0084_hr4,2,False,False
1151,97224039_160620c_69~0130_hr4,4,False,False
1152,97224040_140824c_70~0119_hr4,1,False,False
1153,97224044_140720c_64~0105_hr4,3,False,False
1154,97224044_150810c_64~0073_hr4,3,False,False
1155,97224045_170702_0238_mtbn,3,False,False
1156,97224046_140720c_66~0229_hr4,3,False,False
1157,97224050_140824c_70~0123_hr4,3,False,False
1158,97224054_150811c_64~0045_hr4,4,False,False
1159,97224055_140720c_65~0222_hr4,4,False,False
1160,97224056_150810e_66~0112_hr4,4,False,False
1161,97224061_150930e_61~0016_hr4,9,False,False
1162,97224072_150814e_62~0034_hr4,3,False,False
1163,97224074_170927_0307_mtbn,0,False,False
1164,97224080_180919_0316_mtbn,4,False,False
1165,97224081_150810e_61~0066_hr4,9,False,False
1166,97224082_150812e_62~0089_hr4,9,False,False
1167,97224082_150814e_62~0038_hr4,9,False,False
1168,97224090_180919_0316_mtbn,4,False,False
1169,97224099_090522b_69~0004_rgbc,0,True,False
1170,97224099_160513b_69~0154_hr4c,9,True,False
1171,97232043_180326c_73~0090_hr4,2,False,False
1172,97232055_121022c_75~0238_hr4,4,False,False
1173,97232072_140824c_72~0280_hr4,1,False,False
1174,97232083_150718c_73~0240_hr4,9,False,False
1175,97232087_160706b_77~0032_hr4,4,False,False
1176,97233001_140717c_61~0283_hr4,9,False,False
1177,97233004_091105c_64~0121_rgb,3,False,False
1178,97233012_120704c_62~0406_hr4,4,False,False
1179,97233013_160815c_63~0330_hr4c,9,True,False
1180,97233026_090705c_66~0033_rgb,1,False,False
1181,97233026_150718c_66~0134_hr4,2,False,False
1182,97233028_130905b_68~0068_hr4c,3,True,False
1183,97233028_150731b_68~0052_hr4c,0,True,False
1184,97233031_160815c_61~0299_hr4c,3,True,False
1185,97233035_081123c_65~0069_rgb,1,False,False
1186,97233035_150718c_65~0057_hr4,3,False,False
1187,97233043_150718c_63~0008_hr4c,2,True,False
1188,97233047_110729b_67~0066_hr4,9,False,False
1189,97233049_140824b_69~0043_hr4c,1,True,False
1190,97233057_180917_0249_mtbn,0,False,False
1191,97233063_120606b_63~0462_hr4c,0,True,False
1192,97233068_180917_0257_mtbnc,9,True,False
1193,97233081_150731b_61~0153_hr4c,4,True,False
1194,97233088_220304c_68~0254_hr4,3,False,False
1195,97233091_150731b_61~0157_hr4c,2,True,False
1196,97233095_170702_0238_mtbn,3,False,False
1197,97233100_160620c_70~0232_hr4,4,False,False
1198,97234082_160815c_62~0211_hr4c,0,True,False
1199,97234095_100627c_65~0066_hr4c,3,True,False
